{
  "title": "A/B Test Results: embedding_model_comparison_2026",
  "description": "Comparison of embedding models for metadata retrieval quality",
  "timestamp": "2026-04-09T12:30:40.094934",
  "metrics": {
    "variants": {
      "bge_large": {
        "precision_at_k": {
          "1": 0.5,
          "10": 0.165625,
          "3": 0.38541666666666663,
          "5": 0.33125
        },
        "recall_at_k": {
          "1": 0.16979166666666667,
          "10": 0.4770833333333333,
          "3": 0.3484375,
          "5": 0.4770833333333333
        },
        "mrr": 0.6088541666666667,
        "map": 0.3789236111111111,
        "ndcg": 0.46954385478906924,
        "metadata": {
          "num_queries": 32,
          "aggregation": "mean"
        }
      },
      "bge_small": {
        "precision_at_k": {
          "1": 0.5,
          "10": 0.1625,
          "3": 0.41666666666666663,
          "5": 0.325
        },
        "recall_at_k": {
          "1": 0.14583333333333334,
          "10": 0.4484375,
          "3": 0.35625,
          "5": 0.4484375
        },
        "mrr": 0.6171875,
        "map": 0.35810763888888886,
        "ndcg": 0.4581679399826202,
        "metadata": {
          "num_queries": 32,
          "aggregation": "mean"
        }
      },
      "e5_large": {
        "precision_at_k": {
          "1": 0.53125,
          "10": 0.1625,
          "3": 0.40625,
          "5": 0.325
        },
        "recall_at_k": {
          "1": 0.1640625,
          "10": 0.43124999999999997,
          "3": 0.3296875,
          "5": 0.43124999999999997
        },
        "mrr": 0.6130208333333333,
        "map": 0.3453732638888889,
        "ndcg": 0.4454081926648428,
        "metadata": {
          "num_queries": 32,
          "aggregation": "mean"
        }
      },
      "baseline_mpnet": {
        "precision_at_k": {
          "1": 0.65625,
          "10": 0.25625,
          "3": 0.6041666666666666,
          "5": 0.5125
        },
        "recall_at_k": {
          "1": 0.22395833333333334,
          "10": 0.75,
          "3": 0.5546875,
          "5": 0.75
        },
        "mrr": 0.7510416666666667,
        "map": 0.640859375,
        "ndcg": 0.7115665962439318,
        "metadata": {
          "num_queries": 32,
          "aggregation": "mean"
        }
      }
    }
  },
  "metadata": {
    "experiment_name": "embedding_model_comparison_2026",
    "num_variants": 4
  }
}