{
  "title": "A/B Test Results: embedding_model_comparison_2026",
  "description": "Comparison of embedding models for metadata retrieval quality",
  "timestamp": "2026-04-09T14:21:10.458251",
  "metrics": {
    "variants": {
      "baseline_mpnet": {
        "precision_at_k": {
          "1": 0.65625,
          "10": 0.25625,
          "3": 0.6041666666666666,
          "5": 0.5125
        },
        "recall_at_k": {
          "1": 0.22395833333333334,
          "10": 0.75,
          "3": 0.5546875,
          "5": 0.75
        },
        "mrr": 0.7510416666666667,
        "map": 0.640859375,
        "ndcg": 0.7115665962439318,
        "metadata": {
          "num_queries": 32,
          "aggregation": "mean"
        }
      },
      "gte_large": {
        "precision_at_k": {
          "1": 0.5,
          "10": 0.153125,
          "3": 0.3645833333333333,
          "5": 0.30625
        },
        "recall_at_k": {
          "1": 0.1578125,
          "10": 0.4427083333333333,
          "3": 0.32135416666666666,
          "5": 0.4427083333333333
        },
        "mrr": 0.5963541666666666,
        "map": 0.3490625,
        "ndcg": 0.4436401419628537,
        "metadata": {
          "num_queries": 32,
          "aggregation": "mean"
        }
      }
    }
  },
  "metadata": {
    "experiment_name": "embedding_model_comparison_2026",
    "num_variants": 2
  }
}