{
  "title": "CHEAP RAG Retrieval Evaluation",
  "description": "Evaluation on 32 gold queries",
  "timestamp": "2026-04-09T11:13:19.580158",
  "metrics": {
    "precision_at_k": {
      "1": 0.78125,
      "10": 0.425,
      "3": 0.7083333333333334,
      "5": 0.5875
    },
    "recall_at_k": {
      "1": 0.11455853174603174,
      "10": 0.5895867153679654,
      "3": 0.3158617424242424,
      "5": 0.4244318181818182
    },
    "mrr": 0.8572916666666667,
    "map": 0.4818956371216416,
    "ndcg": 0.6396108845978962,
    "metadata": {
      "num_queries": 32,
      "aggregation": "mean"
    }
  },
  "metadata": {
    "num_queries": 32,
    "embedding_model": "sentence-transformers/all-mpnet-base-v2",
    "vector_store": "ChromaDB"
  }
}